data_prediksi,hasil_prediksi,aktual
"['bibitid', 'itikad', 'baik', 'sekaliuang', 'tolong', 'kembalikanjangan', 'iniyang', 'usaha', 'bisnis', 'investasi', 'nama', 'bukti', 'nihiltolong', 'lagikembalikan', 'uang']",0,0
"['apl', 'bibit', 'dpat', 'buka']",1,1
"['mantep', 'rem', 'investasi', 'mula']",1,1
"['alam', 'puas', 'banget', 'syarat', 'daftar', 'simple', 'ribet', 'beli', 'gampang', 'udah', 'atur', 'robo', 'user', 'tinggal', 'pakai', 'modal', 'robo', 'atur', 'ramah', 'investor', 'mula', 'artikel', 'kamus', 'aplikasi', 'bantu', 'ajar', 'investasi', 'btw', 'pake', 'hasil', 'lho', 'mantep', 'pokok']",1,1
"['bantu', 'capai', 'target', 'tuju', 'dlm', 'atur', 'uang', 'harap', 'capai']",1,1
"['ko', 'aplikasi', 'bibit', 'buka']",0,1
"['aplikasi', 'bohong', 'dapet', 'rb', 'eh', 'ter', 'bohong']",0,0
"['login', 'gagal', 'trus']",0,0
"['aplikasi', 'bagus', 'pakai', 'kode', 'referal', 'mraqqab', 'rp']",1,1
"['wkwkw', 'mati', 'lo', 'min', 'lu', 'nyari', 'mula', 'invest', 'netijen', 'pikir', 'gampang', 'kayak', 'top', 'up', 'koin', 'investasi', 'mbak', 'netijen', 'udah', 'bikinin', 'platfrom', 'ajar', 'inves', 'inves', 'guys', 'pinjol', 'ato', 'koprasi', 'simpan', 'pinjam', 'duit', 'lu', 'puterin', 'muter', 'gampang', 'lo', 'narik', 'atm', 'lol', 'uang', 'beliin', 'mo', 'jual', 'beli', 'bibit', 'ni', 'ngegampangin', 'proses', 'lu', 'brang', 'lu', 'jual', 'untung']",0,1
"['bagus', 'apl', 'moga', 'masuk', 'saldo']",1,1
"['gua', 'ajar', 'kenal', 'investasi', 'portovolio', 'dll', 'bibit', 'bibit', 'udah', 'gampang', 'simple', 'lg', 'dar', 'masuk', 'dirasain', 'wd', 'tp', 'bibit', 'the', 'best']",1,1
"['bagus', 'cair', 'banget', 'nunggu', 'dri', 'bank', 'kustodian', 'trus', 'nunggu', 'transfer', 'jdi', 'total', 'proses', 'cepat', 'update', 'grafik', 'update', 'kadang', 'kalah', 'aplikasi', 'belah']",0,1
"['salah', 'pilih', 'apk', 'investasi', 'sukses', 'bibit', 'kuy', 'dowload', 'pake', 'kode', 'dfqxkyn', 'dapat', 'bonus', 'langsung']",1,1
"['mula', 'bidang', 'investasi', 'aplikasi', 'bibit', 'newbie', 'friendly', 'gampang', 'supportnya', 'oke', 'apa', 'nggak', 'paham', 'langsung', 'cari', 'aplikasi', 'forum', 'telegram', 'tabung', 'bank', 'endap', 'cuan', 'bantu', 'bibit']",1,1
"['sumpah', 'gk', 'qw', 'investasi', 'eh', 'kurang', 'mending', 'taruh', 'bang', 'bunga', 'dr', 'pd', 'kurang', 'kayak', 'gin', 'proses', 'wd', 'banget', 'nak', 'pajak', 'sumpah', 'gua', 'nyesel', 'bgt', 'instal', 'apk']",0,0
"['kalinanti', 'perkembangannyasejauh', 'bagus']",1,1
"['mantab', 'hasil', 'moga', 'gampang', 'wd', 'aamiin', 'kasih', 'bintang', 'kl', 'wd', 'bintang']",0,1
['bantu'],1,1
"['mula', 'aplikasi', 'bantu', 'tingkat', 'akses', 'fitur', 'mudah', 'aplikasi', 'trimakasih']",1,1
"['bener', 'uang', 'kelola', 'usaha', 'untung', 'modal', 'cma', 'untung', 'kecilyang', 'pinter', 'pilih', 'putar', 'uang', 'usaha', 'untung', 'kecil', 'gantung', 'gimana', 'kelola', 'usaha']",0,0
"['aplikasi', 'buka', 'websitenya']",0,0
"['aplikasi', 'bibit', 'manfaat', 'kalang', 'mula', 'investasi', 'reksadana', 'aplikasi', 'bibit', 'saran', 'depan', 'fitur', 'emas', 'aplikasi', 'bibit', 'aplikasi', 'bibit', 'cuan']",1,1
"['moga', 'aplikasi', 'bibit', 'depan', 'rdn', 'status', 'payment', 'dana', 'hasil', 'jual', 'kirim', 'bank', 'kustodian', 'info', 'status', 'transfer', 'hasil', 'jual']",1,1
['proses'],0,0
"['aplikasi', 'bagus', 'tabung', 'reksadanamantapterus', 'update', 'minda', 'tolong', 'kerja', 'verifikasi', 'manager', 'tingkat', 'lagikarena', 'tempo', 'alami', 'verifikasi', 'manager']",1,1
"['share', 'alam', 'ku', 'alhamdulillah', 'pakai', 'referal', 'sayangiuangmu', 'beneran', 'cashback', 'rb', 'moga', 'berkah', 'amin']",1,1
"['mohon', 'bantu']",1,1
"['verifikasi', 'data', 'koq', 'nabung']",0,0
"['siang', 'kakmau', 'sy', 'buka', 'aplikasi', 'bibit', 'knp', 'yaketerangan', 'web', 'tersediamhn', 'penjelasnnya', 'kaktrmks']",1,1
"['aplikasi', 'unfaedahmana', 'total', 'uang', 'masuk', 'rbaplikasinya', 'gk', 'bs', 'dbuka']",0,0
"['mula', 'investasi']",1,1
"['uang', 'masuk', 'rekening', 'mantap', 'dech', 'pokok', 'aplikasi', 'investasi', 'kualitas', 'moga', 'rusa', 'maju', 'lesat', 'trims']",1,1
"['lot', 'lodingnya']",0,0
"['masuk', 'kode', 'nisniyah', 'dapat', 'ribu', 'modal', 'investasi']",1,1
"['gabisa', 'buka', 'baru']",0,0
[],1,1
"['moga', 'lancar', 'urus', 'usaha', 'kerja', 'rejekinya']",1,1
"['parah', 'aplikasi', 'downloadcs', 'malas', 'kerjanyesal', 'investasi', 'dh', 'cs', 'bot']",0,0
"['tari', 'deposit', 'banget', 'masuk']",0,0
"['bantu', 'bibit', 'hasil', 'jga', 'lumayan', 'banding', 'nabung', 'bank', 'deposit', 'bibit', 'bln', 'dpt', 'rebu', 'nabung', 'tabungam', 'jangka', 'saldo', 'jt', 'daprtmya', 'tigarebu', 'mending', 'ikutin', 'robo', 'bibit', 'dr', 'pd', 'instrumen', 'mas', 'mula', 'wd', 'nunggu', 'masuk', 'rek', 'suda', 'info', 'wd', 'butuh', 'proses', 'yuukk', 'cobain', 'lupa', 'pake', 'kode', 'ref', 'maniacuan']",0,1
"['tolong', 'kasih', 'fitur', 'tarik', 'aplikasi', 'dana', 'kang', 'bibit', 'libih', 'simpel', 'mudah', 'guna', 'aplikasi', 'dana']",1,0
"['notifikasi', 'promosi', 'ganggu', 'banget', 'anj']",0,0
"['reksadana', 'beda', 'nabung', 'atm', 'pas', 'butuh', 'tinggal', 'ambil', 'reksadana', 'prosesnyapertama', 'jual', 'nunggu', 'tutup', 'bursa', 'tentu', 'nilai', 'navnyaproses', 'catat', 'bank', 'kustodian', 'bank', 'penampungterakhir', 'bank', 'tampung', 'masuk', 'rekening']",0,1
"['tgl', 'desember', 'ampe', 'januari', 'aplikasi', 'bibit', 'buka', 'dana', 'sanaudah', 're', 'install', 'tp', 'tetep', 'soperti']",0,0
"['aplikasi', 'buka', 'reksadana', 'jt']",0,0
"['potong', 'jual', 'reksadana', 'hasil', 'investasi', 'hmmm', 'worth', 'it']",1,0
"['selamat', 'siang', 'bpkibu', 'aknes', 'rajaguru', 'pinjam', 'danauang', 'mohon', 'datadata', 'hapus', 'hapus', 'aplikasi', 'hp', 'mohan', 'perhati', 'terima', 'kasih']",1,1
"['astagaaaaa', 'gw', 'jual', 'dana', 'investasi', 'lamaaaaaa', 'terang', 'kerja', 'udah', 'minggu', 'proses', 'manajer', 'bank', 'kusdian', 'apa', 'ituu', 'butuh', 'dana', 'dada', 'investasi', 'medingan', 'nabung', 'bank', 'udah', 'bener', 'investasi', 'aplikasi', 'pintu', 'gw', 'cepet', 'banget', 'dana', 'langsung', 'masuk', 'rekening', 'gila', 'aplikasi', 'duit', 'gw', 'ngendap', 'cair', 'emang', 'gw']",0,0
"['tolong', 'transaksi', 'peecepat', 'min', 'jos']",1,0
['registrasi'],0,0
"['uang', 'gratis', 'deposit', 'masuk', 'kode', 'referal', 'guys', 'mgratis']",1,0
"['dapat', 'hadiah', 'uang', 'rp', 'aplikasi', 'bibit', 'guna', 'masuk', 'kode', 'reffreal', 'lupa', 'berifestasi', 'aplikasi', 'bibit', 'cuan', 'salam', 'investasi']",1,1
"['aplikasi', 'bibit', 'sungguh', 'keren', 'investasi', 'mula', 'tutorial', 'bayar', 'kayak', 'gopay', 'link', 'dll']",1,1
"['tari', 'dana', 'banget', 'bayang', 'butuh', 'dana', 'urgentsegera', 'wahh', 'parah', 'tari', 'dana']",0,0
"['keren', 'bgt', 'bibit', 'mantap', 'pokok', 'wkwkwk', 'aplikasi', 'ringan', 'mudah', 'ajar', 'profit', 'trlalu', 'gede', 'pilih', 'nyimpen', 'uang', 'lumayan', 'safe', 'wkwk']",1,1
"['mantap', 'komen', 'ilang']",1,0
"['proses', 'lamamau', 'beli', 'kekmau', 'jual', 'keksemua', 'lamaproses', 'jual', 'hasil', 'info', 'uang', 'cair', 'dlm', 'haripas', 'jual', 'tulis', 'jual', 'hr', 'senin', 'jam', 'proses', 'hr', 'jugapaling', 'lambat', 'selasa', 'nyatanyad', 'proses', 'selasabaru', 'tulis', 'nunggu', 'cair', 'haha', 'rekomendasi', 'org', 'butuh', 'uang', 'dada', 'ambil', 'tabung', 'gk', 'pasti', 'uang', 'transfer', 'udah', 'bener', 'nabung', 'bank']",0,0
"['kemarin', 'top', 'up']",1,0
"['bulan', 'nyoba', 'investasi', 'bibit', 'untung', 'telah', 'rugi', 'curiga', 'system', 'untung', 'rugi', 'moga', 'curiga', 'ku']",1,0
"['respon', 'cepat', 'email', 'via', 'chat', 'online', 'tingkat', 'cair', 'smpe', 'udh', 'bagus', 'aplikasi', 'guna', 'mula', 'maein', 'saham', 'lanjut', 'bintang', 'bintang', 'terimakasih']",0,1
['inovasi'],1,1
"['puas', 'pake', 'bibit', 'investasi', 'aman', 'mula']",1,1
"['aplikasi', 'bagus', 'ajar', 'melek', 'investasi', 'btw', 'kode', 'referal', 'bintanglaut', 'spasi', 'daftar', 'aplikasi', 'yaa', 'dapet', 'cashback', 'rp', 'lumayan', 'investasi']",1,1
"['untunggan', 'pakai', 'reksadana', 'tarik', 'tunai', 'cepat', 'apaapa', 'untunggam', 'apk', 'mohon', 'jelas']",1,0
"['ajar', 'investasi', 'hasil', 'lumayan', 'bgt', 'sy', 'masuk', 'uang', 'rb', 'lumayan', 'numbuh', 'nambah', 'rb', 'trus', 'sy', 'nambah', 'lg', 'masukkn', 'jt', 'udh', 'nambah', 'rb', 'lumayan', 'pokok', 'bs', 'alarm', 'rajin', 'nabung', 'rb', 'bulan', 'lumayan', 'ad', 'minimal', 'top', 'up', 'uang', 'nambah']",0,1
"['cair', 'ribet', 'kayak', 'ovo', 'invest', 'reksadana', 'proses', 'cair', 'hitung', 'detik', 'cair', 'rekening']",0,0
"['cair', 'sekaliii', 'nyimpen', 'dana', 'darurat', 'keburu', 'mati', 'lapar', 'tolong', 'cair', 'real', 'time', 'lamaaa']",0,0
"['aplikasi', 'alay', 'lebay', 'norak', 'anjg']",1,0
"['harap', 'bibit', 'cepat', 'transaksi', 'tunggu', 'transaksi', 'tunggu', 'order', 'sopi']",0,1
"['registrasi', 'gagal', 'foto', 'ktp', 'foto', 'selfie', 'ktp', 'ujung', 'ujung', 'gagal', 'sulit', 'daftar', 'rugi', 'aplikasi', 'apk', 'investasi', 'mudah', 'daftar', 'beli', 'cair']",0,0
"['hp', 'redmi', 'update', 'os', 'masuk', 'aplikasi', 'langsung', 'tutup', 'aplikasi', 'masuk', 'pin', 'mohon', 'baik']",1,0
"['app', 'keren', 'bngtkita', 'atur', 'uang', 'disiniyg', 'investasi', 'yuk', 'gunain', 'kode', 'ancacawang', 'dapetin', 'cashback']",1,1
"['ko', 'bom', 'keuntangan', 'masuk', 'akun', 'padalhan', 'acu', 'mula', 'notifikasi', 'lambat', 'ko', 'sampe', 'bom', 'emang', 'acu', 'trimkasih']",0,0
"['nabung', 'rutin', 'auto', 'debet', 'bank', 'jago', 'kali', 'instal', 'uninstal', 'apk', 'tetep', 'biaa', 'nyambung', 'bank', 'jago', 'udah', 'niat', 'nabung', 'typ', 'auto', 'debit', 'lgsg', 'dri', 'bank', 'jago', 'eehmalah', 'error', 'nunggu', 'konfirmasi', 'bibit', 'respon', 'good', 'bgt', 'bener', 'bantu', 'ganti', 'hp', 'nyambung', 'bank', 'jago', 'tolong', 'baik', 'apk', 'nyabiar', 'better']",0,1
"['aplikasi', 'scam', 'download', 'dana', 'jual', 'masuk', 'udah', 'nunggu', 'minggu', 'pas', 'nanya', 'masuk', 'eehh', 'suruh', 'nanya', 'bank', 'nyoba', 'saranin', 'aplikasi', 'bahaya', 'untung', 'hilang', 'uang']",0,0
"['yukk', 'kaum', 'muda', 'investasi', 'bibit', 'daftar', 'lupa', 'pake', 'kode', 'referral', 'bibitjadiduiit', 'dapatin', 'cashback', 'rbu', 'lindung', 'investasi', 'bibit', 'terimakasih']",1,1
"['yuk', 'gabung', 'lupa', 'peke', 'kede', 'ref', 'cashback', 'yusufgaul', 'tekan', 'makasih']",1,1
"['cashback', 'ribu', 'pake', 'kode', 'reveral']",1,1
"['bagus', 'top', 'up', 'widraw', 'lancar', 'coutemer', 'service', 'responsif']",1,1
"['cari', 'dana', 'benget', 'udah', 'tgl', 'ngajukan', 'cair', 'sampek', 'cair']",0,0
"['akun', 'tulis', 'registrasi', 'proses', 'minggu', 'daftar', 'mohon', 'cerah']",0,0
"['sbn', 'pakai', 'bcapunya', 'cmn', 'bri', 'mandiri', 'rekening']",0,0
"['bibit', 'jedag', 'jedug', 'pas', 'dibukak', 'error', 'gimana', 'yaa']",0,0
"['daftar', 'bang', 'jago', 'gk', 'daftar', 'tulisanya', 'sudh', 'kali', 'pasu', 'pasword', 'blablaablaablaablaa', 'gitu', 'trss', 'udh', 'rbu', 'makuasukin', 'unistal', 'rugi']",0,0
"['ajar', 'respon', 'cs', 'cepat', 'beli', 'mudah', 'pilih', 'smga', 'byk', 'produk', 'syariah', 'fitur', 'cepat', 'beli', 'update', 'beli', 'cmn', 'nav', 'update']",1,1
"['uwalah', 'kayak', 'gin', 'aplikasi', 'bibit', 'jual', 'reksa', 'dana', 'harga', 'jual', 'gara', 'tari', 'minggu', 'nilai', 'jual', 'verifikasi', 'susut', 'bingung', 'nggak', 'sesuai', 'proses', 'tari', 'proses', 'tunggu', 'tari', 'susut', 'untung', 'nggak', 'beres', 'ni', 'bibit', 'modal', 'kasih', 'untung', 'main', 'aplikasi']",0,0
"['beli', 'jual', 'tari', 'dana', 'butuh', 'proses', 'butuh', 'ber', 'depo', 'nyoba', 'untung', 'buntung', 'habis', 'tari', 'kena', 'biaya', 'tf', 'pilih', 'bank', 'eh', 'kanapa', 'ubah', 'kaya', 'belah']",0,0
"['aplikasi', 'ubah', 'pandang', 'finansial', 'hemat', 'pake', 'kode', 'referal', 'setyaki', 'dapat', 'rb', 'cashbak']",1,1
"['prose', 'kirim', 'jual', 'reksa', 'dana', 'cepat', 'dikarnakan', 'orang', 'butuh', 'uang', 'dadak', 'cepat', 'proses', 'sampe', 'kelaaman', 'kirim', 'uang', 'proses', 'cepat', 'tarik', 'proses']",0,0
"['bibit', 'aplikasi', 'bagus', 'banget', 'tabung', 'reksadana', 'tambah', 'cashback', 'silah', 'pakai', 'kode', 'investasibagus', 'lumayan', 'dapet', 'cashback', 'serasa', 'udah', 'dapet', 'untung', 'duluan', 'ehehe', 'moga', 'bantu']",1,1
"['yuk', 'pakai', 'kode', 'referal', 'oxdeghl', 'dapetin', 'cashback', 'rb']",1,1
"['moga', 'bibit', 'bagus', 'yahh', 'dar', 'amplikasi', 'bodong']",1,0
"['mudah', 'ngk', 'ribet', 'mantap']",1,1
"['susah', 'daftar']",0,0
"['aplikasi', 'bibit', 'ngk', 'bukatolong', 'min', 'aplikasi', 'eror', 'gmn']",0,0
"['suka', 'banget', 'aplikasi', 'bibit', 'cocok', 'mula', 'kaya', 'transaksi', 'gampang', 'banget', 'metode', 'bayar', 'proses', 'cepet', 'masukin', 'kode', 'dicobainaja', 'dapet', 'cashback', 'bibit']",1,1
"['gimana', 'kasih', 'masuk', 'uang', 'impestasi', 'ap', 'bank', 'kirim', 'maaf', 'ajar', 'tolong', 'bimbinganya', 'makasih', 'kasih', 'bintang', 'udh', 'ber', 'investigasi']",0,0
"['ayo', 'daftar', 'pake', 'kode', 'kamukayakok', 'dapet', 'saldo', 'tambah']",1,1
"['hey', 'bibit', 'gk', 'ikut', 'step', 'by', 'step', 'registrasi', 'uda', 'isi', 'data', 'pas', 'registrasi', 'foto', 'ktp', 'foto', 'ktp', 'gk', 'bisaapa', 'apk', 'bibit', 'pandang', 'fisik', 'scan', 'orang', 'good', 'looking', 'ajadasar', 'aplikasi', 'sial', 'mandang', 'fisik', 'aplikasi', 'hapus', 'playstore', 'aplikasi', 'gk', 'gunaaplikasi', 'mandang', 'fisik', 'hahaha', 'lawak', 'lu', 'badut']",0,0
"['bibit', 'aplikasi', 'pembohonggue', 'udah', 'undang', 'teman', 'teman', 'hasil', 'buka', 'bank', 'jago', 'dapet', 'cashback', 'rb', 'sampe', 'detik', 'ini', 'masuk', 'bibitxjago', 'bohong', 'gue', 'tunggu', 'jam']",0,0
"['bibit', 'tolong', 'deperbaiki', 'banyak', 'bank', 'transfer', 'transaksi', 'mudah', 'tambah', 'bank', 'bank', 'digital', 'bank', 'neo', 'commerce', 'seabank', 'dll']",0,0
"['aplikasi', 'mudah', 'invest', 'kecewa', 'service', 'gag', 'slalu', 'uptodate', 'sabtu', 'minggu', 'tanggal', 'merah', 'gag', 'update', 'ubah', 'harga', 'sistem', 'beli', 'reksadana', 'realtime', 'beli', 'harga', 'senin', 'april', 'beli', 'invest', 'harga', 'selasa', 'april']",1,0
"['ngerti', 'kait', 'investasi', 'bibit', 'paham', 'investasi', 'untung', 'yukk', 'cashback', 'pake', 'kode', 'nizgb', 'jamin', 'cashback', 'rb']",1,1
"['masuk', 'aplikasi', 'bibit', 'tolong', 'tambah', 'tanggal', 'masuk', 'dana', 'cair', 'sulit', 'beda', 'dana', 'cair']",0,0
"['aplikasi', 'user', 'journey', 'catat', 'user', 'portofolio', 'porto', 'fitur', 'transfer', 'porto', 'orang']",1,1
"['masuk', 'kode', 'refelar', 'qysqjis', 'terimakasih', 'bibit', 'investasi', 'bagussego', 'ttp', 'maju']",0,0
"['aplikasi', 'pakai', 'vpn', 'buka', 'pakai', 'vpn', 'buka', 'aplikasi', 'situs', 'masuk', 'kategori', 'larang', 'indonesia']",1,0
"['terbaeekk', 'bantu', 'mula', 'saran', 'investasi', 'mi', 'kompeten', 'profil', 'resiko', 'atur', 'sesuai', 'umur', 'guna', 'pokok', 'ajippp']",1,1
"['nyesel', 'banget', 'maka', 'bibit', 'bisa', 'semangat', 'abis', 'bangun', 'liat', 'app', 'ngeliat', 'tingkat', 'tabung', 'hehehe', 'dasar', 'bibit', 'alih', 'perhatiann']",1,1
"['pinjam', 'dana', 'online', 'bantu', 'modal', 'usaha', 'hasil', 'percaya', 'jujur']",1,1
"['aplikasi', 'bagus', 'tp', 'aplikasi', 'error', 'maaf', 'tolong', 'baik', 'makasih']",0,0
"['nyoba', 'ken', 'tambah', 'timeframe', 'chartnya', 'tf', 'tf', 'menit', 'rasa', 'sensasi', 'jual', 'beli', 'depth', 'chart', 'banding', 'buyer', 'seller', 'advanced', 'chart', 'indikator', 'diperkayayang', 'butuh', 'referal', 'pakai', 'bintangkejora', 'moga', 'investasi', 'sinar', 'terima', 'kasih']",1,1
"['jual', 'hasil', 'uang', 'blm', 'masuk', 'gmn']",0,1
"['terimakasih', 'bibitid', 'alami', 'kendala', 'akses', 'apk', 'bibitid', 'jam', 'kendala', 'skrg', 'hasil', 'top', 'up', 'chat', 'wa', 'resmi', 'bibitid', 'koment', 'ig', 'bibitid', 'respon', 'cs', 'cepat']",0,1
"['takut', 'ribet', 'investasi', 'reksa', 'dana', 'tp', 'bibit', 'beda', 'tampil', 'sederhana', 'mudah', 'erti', 'mula', 'sprti', 'keluh', 'cepat', 'tanggap', 'kerenn']",1,1
"['aplikasi', 'bagus', 'mudah', 'investasi', 'bentuk', 'saham', 'jangka', 'lupa', 'pasu', 'kode', 'refferal', 'idannnuntuk', 'saldo', 'ribu', 'akun']",1,1
"['min', 'pas', 'tarik', 'dana', 'jt', 'kirim', 'pas', 'tari', 'jt']",0,0
"['kekurangana', 'transaksi', 'jual', 'beli', 'karna', 'sistem', 'depo', 'nilai', 'jual', 'beda', 'nilai', 'jual', 'konsisten', 'tp', 'emang', 'aplikasi', 'cocot', 'investor', 'mula', 'daftar', 'silah', 'daftar', 'kode', 'referal', 'swarabibit', 'km', 'cashback', 'rb']",0,1
"['komen', 'negatif', 'hapus', 'iseng', 'investasi', 'wd', 'eh', 'proses', 'wd', 'makan', 'minggu', 'alhasil', 'terus', 'proses', 'wd', 'cepat', 'ajak', 'teman', 'investasi', 'platformaplikasi', 'menang', 'legal', 'awas', 'ojk', 'doang']",0,0
"['aplikasi', 'bagus', 'mudah', 'langsung', 'hub', 'cs', 'aplikasi', 'wa', 'pokok', 'recomend', 'investasi']",1,1
"['aplikasi', 'download', 'nyesal', 'suka', 'cari', 'promo', 'aplikasi', 'promomya', 'gajelas', 'udah', 'persyaratanya', 'hadiah', 'alas', 'fix', 'app', 'sampah']",0,0
"['aplikasi', 'bagus', 'investasi', 'konsisten']",1,1
"['kereen', 'bibit', 'mudah', 'paham', 'pakai', 'kode', 'referal', 'kitaterdepan', 'pake', 'petik', 'dapetin', 'cashback', 'sd', 'rb', 'nambah', 'modal', 'investasi', 'yuk', 'gaes']",1,1
"['aplikasi', 'investasi', 'mudah', 'gampang', 'uptodate', 'hasil', 'beli', 'mudah', 'tari', 'dana', 'cair', 'loveee', 'it']",1,1
"['mantap', 'apk', 'hasil', 'cuancocok', 'kaum', 'rebah']",1,1
"['mantep', 'rem', 'investasi', 'mula']",1,1
"['udah', 'masuk', 'beli', 'hasil', 'tp', 'blm', 'turun', 'profit', 'kek', 'proses', 'gt', 'udah', 'minggu', 'pdhl', 'udah', 'muncul']",0,1
"['aplikasi', 'bantu', 'investasi', 'bagus', 'mula', 'tampil', 'simpel', 'ajar', 'cepat']",1,1
"['aplikasi', 'cuan', 'top']",1,1
"['bibit', 'bantu', 'mula', 'jasa', 'mudah', 'praktek', 'denga', 'bantu', 'robo', 'pilih', 'syariahnya']",1,1
"['masuk', 'kode', 'referal', 'lvxdmc', 'dapat', 'cashback', 'ribu', 'rupiah']",1,1
"['cair', 'maksimal', 'kerja', 'aju', 'udah', 'kerja', 'cair', 'bener', 'ngandelin', 'cair', 'deh', 'cair', 'cari', 'investasi', 'cair', 'cepat']",0,0
"['bismillahirrahmanirrahim', 'moga', 'aplikasi', 'bantu', 'siap']",1,1
"['gagal', 'cair', 'rekening', 'aktif', 'gagal', 'validasi', 'rekening', 'rekening', 'anggap', 'aktif']",0,0
"['proses', 'cairin', 'uang']",0,0
"['akun', 'bibit', 'hp', 'flash', 'aplikasi', 'hapus', 'pas', 'instal', 'bibit', 'dapet', 'nomor', 'verifikasi', 'telah', 'diam', 'logo', 'bibit', 'masuk', 'masuk', 'mohon', 'bantu']",0,0
"['aplikasi', 'bagus', 'pakai', 'kode', 'referal', 'mraqqab', 'rp']",1,1
"['alam', 'bibit', 'ama', 'aplikasi', 'banget', 'bibit', 'unggul', 'enak', 'ngumpulin', 'referal', 'dapat', 'cashback', 'bibit', 'pilih', 'reksadana', 'milih', 'tingkat', 'resiko', 'kawankawan', 'batu', 'gabung', 'cashback', 'rp', 'pakai', 'refferal', 'tulan']",1,1
"['aplikasi', 'bagus', 'tampil', 'mudah', 'paham', 'guna', 'mudah', 'rekomen', 'banget', 'gabung', 'cuss', 'download', 'pake', 'referal', 'wulanbibit', 'bonus']",1,1
"['babi', 'susah', 'masuk']",0,0
"['halo', 'bibit', 'dev', 'fitur', 'livechat', 'masalah', 'menu', 'apa', 'lancar', 'chat', 'cs', 'muncul', 'notif', 'hubung', 'jaring', 'siang', 'malam', 'gitu', 'baik']",0,0
"['pake', 'referral', 'hnuvc', 'auto', 'persentase', 'investasi', 'mu']",1,1
"['bibit', 'aplikasi', 'investasi', 'reksa', 'dana', 'cocok', 'mula', 'guna', 'bingung', 'pakai', 'tampil', 'user', 'friendly', 'banget', 'joss', 'dahh', 'bibit']",1,1
"['bro', 'sis', 'pakai', 'kode', 'abizzam', 'lumayan', 'cashback', 'bibit', 'cocok', 'banget', 'investasi', 'mula', 'aplikasi', 'mudah', 'paham', 'erti', 'mantengin', 'grafik']",1,1
"['alhamdulillah', 'aplikasi', 'mudah', 'mula', 'kayak', 'modal', 'lihat', 'angka', 'nambah', 'neng', 'ampun', 'temanteman', 'daftar', 'pakai', 'kode', 'referal', 'rbutkpemula', 'modal', 'ribu', 'rupiah']",1,1
"['ui', 'easy', 'used', 'isi', 'saldo', 'cek', 'otomatis', 'kecuali', 'transfer', 'atm', 'upload', 'bukti', 'transfer', 'beli', 'langsung', 'tap', 'tahap', 'jual', 'guna']",0,1
"['aplikasi', 'bagus', 'simpel', 'investasi', 'terus', 'inovasi', 'tingkat', 'layan', 'terimakasih']",1,1
"['ayo', 'teman', 'investasi', 'hidup', 'gitu', 'yaayo', 'rubah', 'hidup', 'investasi', 'resakdana', 'thanks', 'bibit', 'udh', 'aplikasi', 'mudah', 'tabung']",1,1
"['aplikasi', 'udah', 'semangat', 'isi', 'form', 'lengkap', 'klik', 'bintang', 'maaf', 'bintang', 'posting', 'hmmmm']",0,0
"['bagus', 'mula']",1,1
"['aplikasi', 'investasi', 'data', 'akurat', 'ringkas', 'performa', 'phorthopolio', 'ubah', 'ubah', 'modal', 'investasi', 'total', 'beli', 'ubah', 'ubah', 'samatranksaksi', 'selesai', 'ter', 'updatepantesan', 'minus', 'mulu', 'orang', 'ngak', 'updateketika', 'kece', 'mulu']",0,0
"['bantu', 'verifikasi', 'akun', 'krna', 'nomor', 'hangus', 'asa', 'dimasukin', 'grup', 'wa', 'keluarga', 'sruh', 'ngirim', 'pap', 'tonton', 'rame', 'gk', 'deh']",0,0
"['kurang', 'aplikasi', 'real', 'time', 'kerja', 'update', 'serba', 'slow', 'rekomen', 'buru', 'bagus', 'nyimpan', 'uang']",1,0
"['sistem', 'tinggal', 'update', 'reksadanax', 'sai', 'msh', 'suka', 'eror', 'mohon', 'baik', 'nyaman', 'guna', 'temu', 'apk', 'mksh']",1,0
"['aplikasi', 'bagus', 'bgtt', 'mula', 'investasi', 'yok', 'daftar', 'bibit', 'ajar', 'investasi', 'daftar', 'pake', 'kode', 'referal', 'yoknabungsantuy', 'langsung', 'cashback', 'ribu', 'lhoo', 'selamat', 'coba']",1,1
"['untung', 'ikut', 'keluh', 'apa', 'uang', 'kerja', 'keras', 'harap', 'hati', 'tipu', 'kedok', 'investasi', 'mo', 'investasi', 'usaha', 'daftar', 'perintah', 'bas', 'bisnis', 'sampe', 'kecewa', 'gara', 'dpt', 'uang', 'gampang', 'super', 'instan']",0,0
"['pakai', 'bibit', 'pas', 'juli', 'bingung', 'ragu', 'krna', 'ngerti', 'ternyataaaaaaa', 'tuhh', 'robo', 'advisor', 'jelas', 'grup', 'telegram', 'grupp', 'jg', 'friendly', 'nyesalll', 'duluu', 'ikut', 'bibit', 'guys', 'benerann', 'boong', 'oiya', 'syarat', 'ktp', 'swafoto', 'ktp', 'rekening', 'nama', 'pake', 'kode', 'referalku', 'mariinvestasibibit', 'cashback']",1,1
"['keren', 'aplikasi', 'bayar', 'mudah', 'operasi', 'mudah', 'mula', 'bibit', 'perhati', 'returnnya', 'tabung', 'recommended', 'banget']",1,1
"['mah', 'untung', 'penginvest', 'coba', 'cairin', 'saldo', 'mendem', 'ribu', 'cair', 'dana', 'pas', 'cairin', 'kena', 'biaya', 'ribu', 'pas', 'tf', 'kena', 'admin', 'lg', 'an', 'udh', 'gitu', 'tf', 'dijadiin', 'antum', 'kena', 'admin', 'an']",0,0
"['maaf', 'trouble', 'buka', 'online', 'baharu']",0,0
"['nyimpan', 'uang', 'aplikasi', 'bobrok', 'duit', 'hilang', 'tarik', 'rekening', 'nggak', 'masuk', 'masuk', 'janji', 'kerja', 'udah', 'sabarin', 'nggk', 'masuk']",0,0
"['aplikasi', 'buka']",0,0
"['cair', 'dana', 'ribet']",0,1
"['investasi', 'reksadana', 'bibit', 'mudah', 'mula', 'anak', 'sekolah', 'investasi', 'bibit', 'ribu', 'rupiah', 'thankyou', 'bibit', 'moga', 'percaya']",1,1
"['maaf', 'bibit', 'bayar', 'pakai', 'gopay', 'tari', 'pakai', 'gopay', 'isi', 'otomatis', 'rekening', 'bank', 'banyak', 'aplikasi', 'investasi', 'sistem', 'deposit', 'tari', 'bingung', 'informasi', 'batas']",0,0
"['moga', 'lancar']",1,1
"['kapok', 'make', 'aplikasi', 'gabung', 'telegram', 'tipu', 'admin', 'kecewa', 'aplikasi', 'download', 'mikir', 'mending']",0,0
"['cocok', 'mula', 'ui', 'mudah', 'paham', 'pilih', 'batas']",1,1
"['apk', 'bagus', 'investor', 'mula']",1,1
"['kapok', 'make', 'aplikasi', 'gabung', 'telegram', 'tipu', 'admin', 'kecewa', 'aplikasi', 'download', 'mikir', 'mending']",0,0
"['buruk', 'kecewa', 'haha']",0,0
"['maaf', 'developer', 'coba', 'jual', 'investasi', 'nila', 'ribu', 'masuk', 'cuman', 'ribu', 'sisa', 'mana', 'in', 'tolong', 'jelas', 'mohon', 'kembali', 'sisa', 'investasi', 'nila', 'ribu', 'uang', 'nila', 'harga', 'orang']",0,0
"['nyesel', 'download', 'cair', 'cair', 'nggak', 'udah', 'minggu']",0,0
"['kasih', 'investasi', 'emas', 'gonta', 'ganti', 'apps']",1,1
"['app', 'metode', 'beli', 'saham', 'sampe', 'jual', 'tari', 'minggu', 'dana', 'cair', 'rek', 'tolong', 'baik', 'tari']",0,0
"['aplikasi', 'bibit', 'jelek', 'skrang', 'jaring', 'sinyal', 'wifi', 'bagus', 'baca', 'ngk', 'internet', 'aplikasi', 'ngk', 'buka', 'tolong', 'min', 'baik', 'aplikasi']",0,0
"['ajar', 'investasinih', 'aplikasi', 'cocok', 'banget', 'pemuladi', 'milih', 'investasi', 'ambilinvestasi', 'jangka', 'pendekmenengah', 'investasi', 'jangka', 'jugarecomended', 'banget', 'pokoknyaoh', 'iyakalo', 'cashback', 'masukin', 'kode', 'refereal', 'luckylaki', 'lumayan', 'jigoburuan', 'do', 'download', 'aplukasi', 'nyamulai', 'tentu', 'mu']",1,1
"['gabung', 'gegara', 'sengaja', 'liat', 'video', 'diyt', 'daftar', 'mudah', 'cepat', 'blom', 'join', 'plg', 'pilih', 'modal', 'gede', 'moga', 'bener', 'sesuai', 'lihat', 'video']",1,1
"['tolong', 'jual', 'cepat', 'udah', 'proses', 'manager']",0,0
"['keren', 'asett']",1,1
"['semenjak', 'kenal', 'bibit', 'hobby', 'nabung', 'thankyou', 'bibit', 'sukses']",1,1
"['bibit', 'proses', 'jual', 'butuh', 'dana', 'darurat', 'jual', 'kudu', 'verifikasi', 'manager', 'bank', 'butuh', 'dana', 'darurat', 'kapok', 'pakai', 'bibit', 'proses', 'beli', 'jual', 'proses', 'bibit', 'ubah', 'males', 'pakai', 'bibit', 'makan']",0,0
"['kirim', 'hasil', 'jual', 'nunggu', 'minggu', 'blom', 'kirim', 'uang']",0,0
"['moga', 'manfaat']",1,1
"['keren', 'nihhh', 'aplikasi', 'bener', 'mudah', 'investor', 'banget', 'invest', 'rekomen', 'banget', 'investor', 'muda', 'kenal', 'reksadana', 'pesan', 'bibit', 'tahan', 'bibit']",1,1
"['aplikasi', 'keren', 'cocok', 'banget', 'mula', 'dapet', 'cashback', 'pake', 'kode', 'referral', 'makinuntungpakebibit']",1,1
"['klik', 'mula', 'saran', 'apk', 'ngak', 'ribet', 'ferifikasi', 'data', 'invest', 'mana', 'pilih', 'baik', 'tipe', 'dsn', 'ngak', 'kalah', 'masikan', 'kode', 'dspat', 'casback', 'okbibitku', 'succes', 'slalu']",1,1
"['aplikasi', 'bibit', 'allhamdulillah', 'untung', 'jt', 'inti', 'sabar', 'rutin', 'tabung', 'uang', 'aplikasi', 'bibit', 'aplikasi', 'bibit', 'bantu', 'investor', 'mula', 'terimakasih', 'bibit', 'moga', 'depan', 'maju', 'bantu', 'investor']",1,1
"['coba', 'mula', 'rp', 'pingin', 'hasil', 'insyaallah', 'ok', 'mo', 'nabungnya']",1,1
"['cair', 'dana', 'tari', 'lumayan']",0,1
"['proses', 'cair', 'dana', 'status', 'order', 'pemberitahuannya', 'tidaj', 'detail', 'order', 'jual', 'hasil', 'dana', 'transfer', 'hari', 'status', 'order', 'status', 'dana', 'transfer', 'pasti', 'pas', 'jawab', 'cek', 'kala', 'mutasi', 'rekening', 'payah']",0,0
"['udah', 'kali', 'coba', 'narik', 'dana', 'bibit', 'mintak', 'ampun', 'ragu', 'tarok', 'nominal', 'bibit']",0,0
"['fiturfitur', 'nyaman', 'baik', 'tolong', 'filter', 'reksadana', 'detil', 'reksadana']",1,1
"['aplikasi', 'bagus', 'perli', 'tingkat', 'kagi', 'stabil', 'request', 'filter', 'permanen', 'sort', 'produk', 'rd', 'bolak', 'trims']",1,1
"['aplikasi', 'tarik', 'ajar', 'liatliat', 'udah', 'dapet', 'ktp', 'coba', 'investasi', 'bibit', 'moga', 'buka', 'alami', 'tingkat']",1,1
"['suka', 'app', 'bibit', 'ajar', 'investasi', 'inves']",1,1
"['maaf', 'kasih', 'bintang', 'nabung', 'dapat', 'cashback', 'gopay', 'terima', 'cashbacknya', 'cashback', 'mohon', 'cerah']",0,0
"['pakai', 'kode', 'referral', 'nadya', 'yaa', 'install', 'bibit', 'vocer', 'rb']",1,1
"['coba', 'coba']",1,0
"['najiss', 'beli', 'cepet', 'ambil']",1,0
"['aplikasi', 'bagusjadi', 'meta', 'uang', 'dasar', 'tuju', 'pasti', 'semangat', 'investasi', 'lupa', 'pakai', 'kode', 'referral', 'anismifta', 'cashback']",1,1
"['bantu', 'bibit', 'hasil', 'jga', 'lumayan', 'banding', 'nabung', 'bank', 'deposit', 'bibit', 'bln', 'dpt', 'rebu', 'nabung', 'tabungam', 'jangka', 'saldo', 'jt', 'daprtmya', 'tigarebu', 'mending', 'ikutin', 'robo', 'bibit', 'dr', 'pd', 'instrumen', 'mas', 'mula', 'wd', 'nunggu', 'masuk', 'rek', 'suda', 'info', 'wd', 'butuh', 'proses', 'yuukk', 'cobain', 'lupa', 'pake', 'kode', 'ref', 'maniacuan']",0,1
"['ragu', 'iventasi', 'app', 'chat', 'langsung', 'tanggapmalah', 'lamabener', 'coment', 'sebelumnyatolong', 'donk', 'baik', 'lagisaya', 'app', 'udh', 'iventasi', 'siniklo', 'narik', 'uang', 'sajahmalah', 'diam', 'oladehh', 'bye', 'bye', 'dehpindah', 'sebelahjangan', 'download', 'apk', 'bodong', 'scam']",0,0
"['untung', 'masuk', 'kode', 'psbfscq', 'saldo', 'rp', 'yuk', 'invest']",1,1
"['yth', 'teman', 'gabung', 'investasi', 'bibit', 'mohon', 'infonyaapakah', 'aplikasi', 'real', 'adanyakemudian', 'bibit', 'buka', 'layan', 'aplikasi', 'mohon', 'info', 'teman']",1,0
"['cair', 'sekaliii', 'nyimpen', 'dana', 'darurat', 'keburu', 'mati', 'lapar', 'tolong', 'cair', 'real', 'time', 'lamaaa']",0,0
"['mantab', 'aplikasi', 'cashback', 'lupa', 'masuk', 'kode', 'referal', 'naise', 'lupa', 'senyum']",1,1
"['bantu', 'financial']",1,1
"['bantu', 'mula', 'minat', 'tambah', 'cashback', 'kode', 'refferal', 'coffe', 'registrasicashback', 'lgsung', 'muka', 'transaksi']",1,1
"['cepat', 'transaksi', 'beli', 'jual', 'cepat']",1,1
"['mencobasaya', 'kasih', 'bintang', 'register', 'cepat', 'tatap', 'playment', 'link', 'hasil', 'halaman', 'aplikasih', 'bibit', 'uninstal', 'unduh', 'lagitolong', 'tingkat', 'makasih']",0,1
"['sy', 'coba', 'nilai', 'stlh', 'bbrp', 'sy', 'coba', 'jual', 'prosesnyatrnyata', 'obligasi', 'jual', 'error', 'kali', 'lucu', 'stlh', 'coba', 'jual', 'obligasi', 'kali', 'nilai', 'lgsg', 'drop', 'perak', 'invest', 'rutin', 'males', 'embat', 'lg', 'nilai', 'besarpencairan', 'jg', 'notifikasi', 'transfer', 'tdknya', 'payah']",0,0
"['aplikasi', 'babi', 'jual', 'juta', 'ribu', 'dana', 'udah', 'cair', 'sisa', 'jual', 'ber', 'hasil', 'tgl']",0,0
"['error', 'pas', 'restar', 'hp', 'buka']",0,0
"['tabung', 'asik', 'mudah']",1,1
"['bagus', 'ajar', 'investasi']",1,1
"['kode', 'referal', 'dapatuangloh', 'cb', 'bibit', 'aplikasi', 'bagus', 'boros', 'lihat', 'barang', 'ken', 'beli', 'alih', 'buang', 'uang', 'belanja', 'mending', 'tabung']",1,1
"['bibit', 'jedag', 'jedug', 'pas', 'dibukak', 'error', 'gimana', 'yaa']",0,0
"['menu', 'chat', 'cs', 'timpa', 'menu', 'profil', 'menu', 'support', 'timpa', 'menu', 'profil', 'menu', 'profil', 'susah', 'akses', 'akses', 'buka', 'aplikasi', 'cepat', 'pencet', 'profil', 'dah', 'aama', 'bibit']",0,1
"['bantu', 'jiwa', 'muda', 'melek', 'investasi', 'masuk', 'kode', 'kbibitbobot', 'cashback']",1,1
"['aplikasi', 'gk', 'optimal', 'hpkusebagian', 'layar', 'gk', 'tampildan', 'scrol', 'ku', 'coba', 'buka', 'browser', 'chrome', 'samaakhirnya', 'ku', 'buka', 'opera', 'browser', 'hasil', 'normal', 'paksa', 'uinstal', 'app', 'nyaterima', 'kasih', 'bibit']",0,1
"['tolong', 'developer', 'koneksi', 'dibenerin', 'stiap', 'kali', 'lihat', 'detail', 'kurva', 'usah', 'slalu', 'los', 'koneksi', 'pdhl', 'sinyal', 'internet', 'aman', 'gimana', 'buka', 'investasi', 'liat', 'beli', 'ibuka']",0,0
"['aplikasi', 'invest', 'sampahmau', 'cairin', 'aj', 'nunggu', 'lamamending', 'aplikasi', 'belah']",0,0
"['aplikasi', 'bagus', 'invest', 'sesuai', 'jadwal', 'giur', 'promo', 'cashback', 'php', 'penuh', 'harap', 'palsu', 'promo', 'cashback', 'aplikasi', 'syarat', 'tentu', 'penuh', 'kuota', 'promo', 'batas', 'data', 'transparan', 'kuota', 'gimmick', 'promo', 'kecewa', 'user', 'ujungujungnya', 'apapunnya', 'alias', 'nol', 'maaf', 'kasih', 'bintang']",0,0
['coba'],1,1
"['mudah', 'paham', 'mula', 'verifikasi', 'mudah', 'cepat', 'gabung', 'kode', 'dtkobix', 'yuk']",1,1
"['apk', 'amatir', 'daftar', 'ikut', 'sesuai', 'tunjuk', 'tunggu', 'validasi', 'data', 'jelas', 'lempar', 'cek', 'validasi', 'dukcapil', 'guna', 'tunggu', 'team', 'apk', 'validasi', 'data', 'kroscek', 'kroscek', 'dukcapil', 'apk', 'nempel', 'doang', 'tera', 'ojk', 'ojk', 'kroscek', 'apk', 'perihal', 'data', 'centera', 'aman', 'jual', 'belikan', 'data']",0,0
"['coba', 'lu', 'jual', 'inves', 'liat', 'potong', 'kecewa']",0,0
"['aplikasi', 'bibit', 'update', 'buka', 'tulis', 'halaman', 'web', 'sedia']",0,1
"['coba', 'investasipemula', 'app', 'bagus', 'ribet', 'ineverter', 'kudu', 'sabar', 'karna', 'proses', 'investasi', 'langsung', 'masuk', 'enak', 'bibit', 'bayar', 'pakek', 'link', 'gopay', 'keren', 'milenial', 'dongs', 'sisa', 'jajan', 'investasi']",1,1
"['baik', 'kadang', 'login', 'aplikasi', 'kadang', 'tolong', 'baik', 'ringan', 'login', 'gambar', 'muncul', 'gagal']",0,0
"['robo', 'advisor', 'milihin', 'manager', 'investasi', 'bagus', 'jual', 'aset', 'alias', 'nyangkut', 'transaksi', 'beli', 'jual', 'cair', 'dana', 'makan', 'banget']",0,0
"['bagus', 'mula', 'investor', 'dana', 'msih', 'lupa', 'pake', 'kode', 'referalku', 'dapet', 'cashback', 'ndtssvy']",1,1
"['gara', 'apk', 'bibit', 'gk', 'gue', 'invest', 'bnyak', 'bibit', 'gua', 'aman', 'cepat', 'percaya', 'omong', 'kosong', 'order', 'julanya', 'duit', 'hasil', 'order', 'jual', 'gk', 'masuk', 'rekening', 'kali', 'sedekah', 'langsung', 'terang', 'sedekah', 'gk', 'kaya', 'gin', 'kesan', 'nipu', 'orang']",0,0
['manfaat'],1,1
"['bibit', 'bagus', 'ribet']",1,1
"['apk', 'bantu']",1,1
"['aplikasi', 'bagus', 'mudah', 'simple', 'cocok', 'investasi', 'jangka', 'meminimalisir', 'resiko', 'utama', 'hasil', 'pensiun', 'henti', 'deh', 'masuk', 'kode', 'referral', 'numnum', 'dapat', 'cash', 'back', 'rb']",1,1
"['bibit', 'bagus', 'investasi', 'minimal', 'casblack', 'coba', 'pake', 'kode', 'reperal', 'badkh', 'ok', 'ragu', 'sy', 'jg', 'ragu', 'tp', 'asik', 'nikmat']",1,1
"['aplikasi', 'baik', 'bawa', 'dampak', 'positif', 'dunia', 'nyata']",1,1
"['suka', 'apps', 'tp', 'kadang', 'suka', 'lot', 'pas', 'buka', 'coba', 'fitur', 'ganti', 'metode', 'bayar', 'bayar', 'ganti', 'metode', 'bayar']",0,1
"['kode', 'cashback', 'rb', 'lumayan', 'kode', 'jangansusah']",1,1
"['suka', 'banget', 'bibit', 'masuk', 'kode', 'referal', 'danamon', 'daftar', 'bonus', 'cashback', 'rb', 'bonus', 'investasi', 'tarik', 'akun', 'bang', 'aplikasi', 'bagus', 'daftar', 'ojk', 'ragu', 'aplikasi', 'mantap', 'cocok', 'mula', 'ajar', 'investasi']",1,1
"['komplain', 'udah', 'instal', 'aplikasi', 'tp', 'loading', 'bngt', 'trus', 'bayar', 'transaksi', 'nutup', 'sendri', 'aplikasi', 'pdahl', 'aplikasi', 'udah', 'terupdate', 'tolong', 'kasih', 'sara', 'kdang', 'loadingnya', 'bngt', 'rada', 'males']",0,0
"['mudah', 'pakai', 'tutorial', 'akses', 'observasi', 'sahamsaham', 'pakai', 'saham', 'bingung', 'pakai', 'bibit']",1,1
"['ayo', 'investasi', 'nabung', 'bibit', 'pakai', 'kode', 'reff', 'salimcuan', 'dapat', 'cashback', 'cuannya']",1,1
"['aplikasi', 'mantap', 'silah', 'masuk', 'kode', 'karimun', 'bonus', 'cashback', 'langsung', 'registrasi']",1,1
"['ajar', 'investasi', 'tp', 'bingung', 'bibit', 'app', 'ilmu', 'investasi', 'pandu', 'langsung', 'app', 'tim', 'bibit', 'hindar', 'rugi', 'investasi']",1,1
"['apa', 'download', 'hasil', 'rekening', 'bank', 'jago', 'ribet', 'suruh', 'pasport', 'tulis', 'konfirmasi', 'salah', 'hapus']",0,1
"['gabung', 'bibit', 'yukkk', 'kode', 'exosvt', 'dapat', 'cashbacknya', 'nabung', 'investasi', 'mudah', 'bibit']",1,1
"['aplikasi', 'jeleklemot', 'parah']",0,0
"['investasi', 'mudah', 'proses', 'beli', 'cepet', 'produk', 'reksadana', 'cocok', 'investasi', 'jangka', 'mantengin', 'grafik', 'perintilannya', 'sayang', 'proses', 'jual', 'makan', 'lamaaaaaaaaaaaaaaaaaaaaaaaaaaaaaaaaaaaaaaaaa', 'rekomendasi', 'sewaktuwaktu', 'butuh', 'uang', 'hasil', 'invest', 'kira', 'butuh', 'uang', 'kasih', 'jarak', 'minggu', 'butuh', 'uang', 'investasi', 'bibit']",0,0
"['hai', 'bibit', 'aplikasi', 'gk', 'buka', 'trus', 'save', 'nomor', 'dikoment', 'bibit', 'user', 'gk', 'wa', 'nomor', 'rumah', 'wa', 'gmna']",0,1
"['kasih', 'bintang', 'akun', 'gua', 'terveripikasi', 'email', 'dah', 'bener', 'seribet', 'daftar']",0,0
"['thn', 'sy', 'pkai', 'bibit', 'buta', 'investasi', 'paham', 'cuan', 'duit', 'cari', 'duit', 'uang', 'hilang', 'tp', 'dpt', 'cuan', 'jdi', 'takut', 'karna', 'awas', 'ojk', 'coba', 'rb', 'cuan', 'rb', 'mudah', 'sederhana', 'mula', 'review', 'sy', 'manfaat', 'mohon', 'masuk', 'kode', 'referal', 'sy', 'dpt', 'rb', 'bibitokesipp', 'dobel', 'trims']",1,1
"['aplikasi', 'bagusmudah', 'paham', 'karna', 'tampil', 'simpel', 'aman', 'udah', 'awas', 'ojk', 'dapat', 'cashback', 'reksadana', 'bibit', 'nila', 'rp', 'masuk', 'kode', 'referral', 'mantapbet', 'daftar']",1,1
"['ngeri', 'suka', 'foto', 'selpi', 'ktp']",0,0
"['guna', 'pakai', 'referral', 'cashback', 'repcuan']",1,1
"['kasih', 'bintang', 'ulas', 'tindak', 'lanjut', 'perihal', 'performa', 'aplikasi', 'tingkat', 'lag', 'bug', 'nutup', 'nyaman', 'investasi']",1,0
"['update', 'ngga', 'masuk']",0,0
"['aplikasi', 'aneh', 'banget', 'masaa', 'ambil', 'uang', 'nunggu', 'banget', 'kerja', 'udah', 'minggu', 'uang', 'bom', 'masuk', 'rekening', 'status', 'jual', 'gimana', 'maksud', 'sulit', 'gitu']",0,0
"['main', 'alhamdulillah', 'cs', 'ramah']",1,1
"['lupa', 'pakai', 'kode', 'dsbjwvn']",1,1
"['gw', 'saranin', 'kasih', 'bintang', 'aplikasi', 'main', 'niat', 'cari', 'untung', 'tpi', 'bibit', 'rugi', 'beli', 'reksadana', 'pas', 'cair', 'pajak', 'aada', 'otak', 'rugi', 'main', 'bibit', 'gabisa', 'hasil', 'rugi', 'cashback', 'potong', 'cashback', 'nama', 'potong', 'uang', 'aplikasi', 'ko', 'rugi', 'untung']",0,0
"['update', 'ngga', 'login', 'kali', 'kali', 'login', 'halaman', 'utama', 'registrasi', 'ngga', 'masuk']",0,0
"['ayo', 'daftar', 'pake', 'kode', 'kamukayakok', 'dapet', 'saldo', 'tambah']",1,1
"['gw', 'knpa', 'verifikasi', 'ksei', 'bom', 'udh', 'brp', 'gw', 'blm', 'ngapa', 'ngapainsaran']",0,0
"['kode', 'referal', 'widda']",1,1
"['aplikasi', 'bagus', 'kasi', 'masukanbisa', 'fitur', 'tambah', 'setting', 'pisahin', 'modal', 'untung', 'narik', 'untung', 'sajatanpa', 'tarik', 'modal']",0,1
"['bibit', 'pemberitahuan', 'reksadana', 'jual', 'masuk', 'jual', 'reksadana', 'masuk', 'rekening', 'aplikasi', 'bibit', 'tulis', 'order', 'jual', 'hasil', 'maksimal', 'kerja', 'masuk', 'rekening', 'beli', 'reksadana', 'gampang', 'jual', 'reksadana', 'bibit', 'embel', 'investasi', 'ribet', 'praktis', 'hahahha', 'praktis', 'orang', 'rugi']",0,0
"['saran', 'tolong', 'dlm', 'beli', 'serta', 'transfer', 'otomatis', 'account', 'virtual', 'ibanking', 'otomatis', 'mengapload', 'bukti', 'pembayaranribet', 'alami', 'dlm', 'beli']",1,1
"['mula', 'bagus', 'bantu', 'ajar', 'design', 'sampai', 'sederhana', 'paham', 'kalang']",1,1
"['keren', 'aplikasi', 'tampil', 'mudah', 'paham', 'bagus', 'liat', 'mata', 'tambah', 'kalkulator', 'kasih', 'return', 'total', 'tabung', 'trus', 'samping', 'total', 'retur', 'mudah', 'liat', 'campur']",1,1
"['coba', 'aplikasi', 'investasi', 'reksadana', 'pilih', 'bibit', 'simple', 'bayar', 'mudah', 'pilih', 'link', 'gopay', 'transfer', 'bank', 'moga', 'istiqomah', 'sisih', 'uang', 'paksu']",1,1
"['nyesel', 'gk', 'download', 'bibit']",0,1
"['iklan', 'cocok', 'investor', 'mula', 'ribet', 'pusing', 'investasi', 'kembang', 'aplikasi', 'tingkat', 'terus', 'karya']",1,0
"['aneh', 'aplikasi', 'untung', 'jual', 'buka', 'bilang', 'internet', 'error', 'sekrup', 'lepas', 'saldo', 'beli', 'sukses', 'tampil', 'untung', 'ubah', 'normal', 'saham', 'grafik', 'dinamis', 'untung', 'diupdate', 'ubah', 'saldo', 'jual', 'tombol', 'disabled', 'aneh', 'aplikasi', 'nipu', 'yaudah', 'makan', 'juta', 'beban', 'neraka', 'jt']",0,0
"['aplikasi', 'tunjuk', 'aneh', 'buka', 'aplikasi', 'web', 'bungkus', 'app']",0,0
"['apl', 'bibit', 'reksadana', 'lu', 'depo', 'minggu', 'kau', 'wd', 'jangka', 'depo', 'wd', 'lol']",0,1
"['kadang', 'gabisa', 'buka', 'refres', 'bkin', 'pnik']",0,0
"['buka', 'error', 'mlugmana', 'nabung', 'rutinpayah', 'deh']",0,0
"['tolong', 'bibitdata', 'data', 'hapus', 'simpan', 'aman', 'gw', 'daftar', 'bibitverifikasi', 'hambat', 'minggu', 'terferifikasidan', 'gw', 'un', 'instal', 'data', 'sayasaya', 'lapor', 'wajib']",0,0
"['the', 'best', 'pokok', 'knpa', 'gk', 'dri', 'dlu', 'nabung', 'dsini']",1,1
"['bibit', 'buka', 'error']",0,0
"['akhirakhir', 'uinya', 'error', 'layer', 'displaynya', 'tumpuk', 'buka', 'solusi', 'update', 'aplikasi', 'baru', 'sedia']",0,0
"['delete', 'akun', 'percaya', 'kapabilitas', 'aplikasi', 'serang', 'curi', 'data', 'rekening', 'alamat', 'ktp', 'foto', 'ktp', 'big', 'data', 'langgan', 'mahal', 'tanggung', 'muncul', 'opsi', 'delete', 'akun', 'nyaman', 'data', 'jebol', 'bpjs', 'panik']",0,0
"['bener', 'bener', 'bantu', 'tata', 'aplikasi', 'bantu', 'robo', 'tentuin', 'dimna', 'investasi', 'data', 'akurat', 'teman', 'uang', 'cashback', 'daftar', 'masukkkan', 'kode', 'yunus', 'salam', 'sukses']",1,1
"['masuk', 'kode', 'referal', 'organisasi', 'rbaplikasi', 'cocok', 'mula', 'fitur', 'mudah', 'erti']",1,1
"['terima', 'kasih', 'bantu', 'bibit', 'sabarsantunmembantu', 'koreksi', 'data', 'sayadipertahankan', 'bibit', 'sukses']",1,1
"['bibit', 'erorr', 'kemarin', 'akun', 'dibukak', 'takut', 'isi', 'saldo', 'mohon', 'jelas', 'admin', 'komplain', 'mana']",0,0
"['kali', 'kecewa', 'bibitpenjualan', 'reksadana', 'hasil', 'gagal', 'alas', 'rek', 'gasesuai', 'dllapakabar', 'udah', 'hasil', 'kecewa', 'gatau', 'nasib', 'reksadana', 'nyangkut', 'dah', 'baik', 'sistem', 'percaya', 'bibit']",0,0
"['bantu', 'dana', 'tabung', 'cepat', 'cair', 'pilih', 'reksadana', 'pasar', 'uang', 'hasil', 'jual', 'kayak', 'harga', 'bibit', 'jual', 'jam', 'kerja', 'saham', 'obligasi', 'cair', 'emg', 'mohon', 'sabar', 'guys', 'invest', 'bibit', 'pakai', 'kode', 'shellyok', 'dpt', 'free', 'reksadana', 'mula', 'pakai', 'fitur', 'robo', 'investasi', 'jangka', 'pendek', 'beli', 'reksadana', 'pasar', 'uang', 'sabar', 'kunci', 'nabung', 'bibit', 'lamalama', 'bukit', 'semangat']",1,1
"['sebenernya', 'aplikasi', 'bagus', 'tampil', 'fresh', 'kini', 'enak', 'cocok', 'banget', 'main', 'reksadana', 'aplikasi', 'crash', 'ganggu', 'banget', 'home', 'stuck', 'ngeload', 'data', 'clear', 'cache', 'normal', 'clear', 'cache', 'tolong', 'baik', 'alam', 'guna']",1,0
"['mohon', 'tambah', 'tari', 'bank', 'neo', 'mudah', 'tarik', 'uang']",0,0
"['ngecek', 'dana', 'kmren', 'aplikasi', 'buka', 'muncul', 'koneksi', 'coba', 'upgrade', 'udah', 'hapus', 'data', 'udah', 'tetep']",0,0
"['tingkat', 'investasi', 'bagus', 'bisnis', 'investasi']",1,1
"['aplikasi', 'bagus', 'investasi', 'mula', 'beli', 'mudah', 'jual', 'jg', 'butuh', 'kerja', 'tpi', 'kemaren', 'coba', 'jual', 'udah', 'cair', 'percaya', 'ni', 'aplikasi', 'takut', 'coba']",0,1
"['udah', 'investasi', 'aku', 'hilang']",1,0
"['bibit', 'mudah', 'trrutama', 'mula', 'investasi', 'bintang', 'aplikasi', 'lumayan', 'lelet', 'mohon', 'tingkat']",1,0
"['moga', 'berkah', 'indonesia', 'ku']",1,1
"['moga', 'untung']",1,1
"['app', 'buka', 'dana', 'ssya', 'msih']",0,0
"['oke', 'nyaman', 'digunakanakan', 'efisien', 'metode', 'bayar', 'wallet', 'bkn', 'gopay', 'linkaja', 'dana', 'dll', 'moga', 'next', 'update', 'sekian', 'terimakasih']",1,1
"['jalan', 'lancar', 'tab', 'lite', 'fitur', 'nambah', 'bantu', 'portofolio', 'bibit']",1,1
"['akun', 'pas', 'login', 'suruh', 'registrasi', 'registrasi']",0,0
"['mari', 'investasi', 'bibit', 'nunggu', 'membuktikandengan', 'nilai', 'tumbuh', 'investasi', 'pertahunnyacus', 'pakai', 'kode', 'referal', 'untung', 'lipat', 'tabung', 'referal', 'code', 'bibituangaman', 'lets', 'join', 'now']",1,1
"['tolong', 'tingkat', 'min', 'jual', 'hasil', 'uang', 'gk', 'cair', 'tambah', 'obat', 'dana', 'gk', 'cair', 'status', 'jual', 'hasil', 'dana', 'gk', 'kunjung', 'masuk']",0,1
"['program', 'beta', 'penuh', 'maksud', 'gmana', 'masuk', 'tp', 'trus', 'hapus', 'download', 'ulang', 'msh', 'masuk']",0,0
"['akun', 'sampe', 'selesai', 'verifikasi', 'estimasi', 'verifikasi', 'daftar', 'sampe', 'tanggal', 'oktober', 'tanggal', 'oktober', 'akun', 'selesai', 'verifikasi', 'tolong', 'data', 'hapus', 'ganti', 'bintang', 'akun', 'selesai', 'verifikasi']",0,0
"['bagus', 'mula', 'baca', 'aplikasi', 'robo', 'bantu', 'rencana', 'investasi', 'autodebit', 'pakai', 'gopay', 'mudah', 'masukin', 'kode', 'referal', 'bonusdarifridha', 'dapet', 'cashback', 'lumayan', 'bgt']",1,1
"['bagus', 'investasj', 'jangka']",1,1
"['keren', 'bibit', 'tambah', 'kode', 'referral', 'sembarangwes', 'cashback', 'ribu', 'terimakasih']",1,1
"['bagus', 'pake', 'kode', 'ref', 'melakartos']",1,1
['bantu'],1,1
"['kasih', 'bintang', 'kagak', 'paham', 'pakai']",0,1
"['sorry', 'gue', 'td', 'bintang', 'blum', 'paham', 'sistem', 'dana', 'gue', 'udah', 'masuk', 'hasil', 'jual']",0,1
"['aplikasi', 'eror', 'udh', 'gk', 'buka']",0,0
"['mantap', 'masuk', 'kode', 'hudasaja', 'nikmat', 'cashback']",1,1
"['bagus', 'dah', 'buka', 'buka', 'reload', 'apk', 'lancar', 'koneksi']",0,0
"['aplikasi', 'bagus', 'cuman', 'luas', 'jenis', 'investasi', 'reksadana', 'tp', 'invetasi', 'emas', 'sbn', 'loginny', 'pake', 'sidik', 'jari', 'cepet']",1,1
"['aplikasi', 'inverstasi', 'baik', 'ku']",1,1
"['widraw', 'nunggu', 'cek', 'saldo', 'masuk', 'kkemana', 'bibit', 'tipu', 'saran', 'hati', 'mula', 'deposit', 'andisini', 'untung', 'diharapkanterima', 'kasih']",0,0
"['invest', 'udah', 'turun', 'kembang', 'deddy', 'corbuzier', 'bohong', 'tuhh', 'haaahhh', 'bosan', 'indonesia', 'bohong', 'cari', 'untung', 'mending', 'buka', 'usaha', 'nggak', 'tipu', 'masyarakat']",0,0
"['aplikasih', 'baguz', 'bgt']",0,1
"['ok', 'coba']",1,1
"['aplikasi', 'pas', 'ajar', 'investasi', 'mudah', 'ribet', 'dana', 'tambah', 'input', 'kode', 'referal', 'bibit', 'daftar']",1,1
"['moga', 'saham', 'amin']",1,1
"['apps', 'bantu', 'dapet', 'hasil', 'invest', 'nominal', 'cs', 'keren', 'sedia', 'layan', 'kepo', 'cepat']",1,1
"['apk', 'bibit', 'tahan', 'investasi', 'reksadana', 'syariah', 'takut', 'jadi']",1,1
"['nanya', 'order', 'hasil', 'jual', 'otomatis', 'masuk', 'rek', 'masuk', 'rek', 'cek', 'mutasi', 'pemberitahuan', 'kait', 'dana', 'masuk', 'mohon', 'jelas', 'kak']",1,1
"['bibit', 'buka', 'hapusdan', 'donwload', 'hadeh', 'uang', 'hilang']",0,0
"['mantul', 'mula']",1,1
"['moga', 'manfaat', 'berkah', 'terimakasih', 'bibit']",1,1
"['top', 'up', 'virtual', 'account', 'via', 'bni', 'hilang', 'mohon', 'aplikasi', 'udah', 'baik', 'deh']",1,1
"['sungguh', 'kecewa', 'kembali', 'dana', 'baik', 'sistem', 'jual', 'nunggu', 'minggu', 'blum', 'cair', 'gimna', 'jual', 'harga', 'kaya', 'tahun', 'cair', 'baik', 'tolong', 'nnti', 'kasih', 'bintang', 'pelit', 'kasih', 'bintang', 'karna', 'proses', 'jual', 'lambat', 'sy', 'hd', 'kecewa']",0,0
"['daftar', 'mudahnggak', 'verifikasipembelian', 'gopay', 'ribet', 'atm', 'tunjukin', 'bukti', 'transferlebih', 'efisienprusahaan', 'gojek', 'emang', 'jossmaaf', 'bintang', 'yajika', 'depa', 'bintang', 'bibit']",0,1
"['masuk', 'aplikasi', 'halaman', 'web', 'sedia', 'tolong', 'baik', 'sungguh', 'ganggu', 'maka', 'kali', 'dar', 'kemaren', 'kemarin', 'sajantak', 'masuk', 'aplikasi']",0,1
"['bagus', 'app']",1,1
"['kecewa', 'buang', 'lupa', 'nomer', 'hp', 'verifikasi', 'email', 'teh', 'ikut', 'pasu', 'nohp', 'ketnya', 'nohp', 'daftar', 'bs', 'log', 'in', 'pake', 'nohp', 'eh', 'notif', 'daftar', 'muter', 'muter', 'gajelasssss']",0,0
"['ayo', 'investasi', 'bibit', 'bantu', 'investasi', 'mudah', 'kode', 'undang', 'padjampangan', 'dapat', 'cashback']",1,1
"['sulit', 'banget', 'registrasi', 'login', 'verifikasi', 'email', 'dll', 'tolong', 'cs', 'bibit', 'registrasi', 'moga', 'cepat', 'layan', 'dlm', 'handling', 'complain']",0,0
"['layan', 'cari', 'uang', 'lambat', 'jujur', 'kecewa', 'lambat', 'sistem', 'jual', 'apps', 'tunggu', 'dana', 'hasil', 'bank', 'tolong', 'depan', 'proses', 'cari', 'dana', 'cepat']",0,0
"['duit', 'cair', 'banget', 'invest', 'mending', 'ajaib']",0,0
"['assalamualaikum', 'kecewa', 'aplikasi', 'bibit', 'peduli', 'investor', 'mula', 'investasi', 'bawah', 'ribu', 'kerja', 'sore', 'itu', 'menit', 'no', 'profit', 'dikerjakandibiarkan']",1,0
"['rugi', 'masyarakat', 'uang', 'hilang', 'tari', 'dana', 'bank', 'bca', 'minggu', 'masuk', 'liar']",0,0
"['semua', 'bagus', 'bibit', 'tp', 'pagi', 'sy', 'buka', 'apk', 'eror', 'mulu', 'pdhal', 'koneksi', 'lancar', 'udh', 'update']",0,0
"['investasi', 'saham', 'binary', 'option', 'nebak', 'grafik', 'atur', 'turun', 'saham', 'milik', 'aset', 'usaha', 'bagi', 'hasil']",1,1
"['mantap', 'aplikasi', 'moga', 'amanah']",1,0
"['bagusss', 'bangeeeettt', 'daftar', 'cepet', 'mudah', 'rekomendasi', 'pusing', 'dehh', 'milih', 'reksa', 'dana', 'cocok', 'mula', 'paham', 'investasi', 'salam', 'hangat']",1,1
"['investasi', 'pantau', 'akses', 'ksei', 'deh', 'bibit', 'aman', 'percaya', 'nilainilai', 'investasi', 'pantau', 'ksei']",1,1
"['mantabb', 'banget', 'pake', 'bibit', 'msh', 'galau', 'investasi', 'banget', 'pake', 'bbit', 'yuk', 'pake', 'kode', 'refferal', 'dapetin', 'rb', 'yesdapetduit']",1,1
"['mudah', 'senang']",1,1
"['apk', 'mudah', 'erti', 'pepet', 'ngejual', 'masuk', 'rek', 'proses', 'cepat', 'pake', 'bibit', 'apk', 'belah', 'moga', 'depan']",1,1
"['sumpah', 'gua', 'suka', 'banget', 'aplikasi', 'bintang', 'bicara', 'wlw', 'kendala', 'logind', 'alhamdulillah', 'bantu', 'ramah', 'inti', 'susah', 'logind', 'lupa', 'pasword', 'nmor', 'hp', 'lupa', 'email', 'lupa', 'ikutin', 'smw', 'prosedur', 'cs', 'insyaallah', 'bantu', 'ramah', 'cs', 'lahenjadi', 'lgi', 'bibit']",1,1
"['saran', 'pakai', 'akun', 'dana']",1,0
"['aplikasi', 'bagus', 'lot', 'baik', 'spya', 'nyaman', 'buka', 'pakai', 'smg', 'tingkat', 'lg', 'spya', 'ber', 'invest', 'nyaman']",1,0
"['bigxzrb', 'pakai', 'kode', 'referal', 'gratis', 'akun', 'mu', 'yok', 'gabung']",1,1
"['aplikasi', 'tarik', 'bangett', 'nominal', 'minimal', 'tabung', 'ramah', 'ajar', 'tambah', 'fitur', 'robo', 'bantu', 'ajar', 'investasi', 'aplikasi', 'tabung', 'pasti', 'oleh', 'profit', 'imbang', 'pilih', 'reksadana']",1,1
"['sebenernya', 'ajar', 'investasi', 'pakai', 'aplikasi', 'bibit', 'suka', 'aplikasi', 'tampil', 'mudah', 'banget', 'dipake', 'mula', 'kayak', 'tementemen', 'ajar', 'kayak', 'coba', 'investasi', 'pake', 'aplikasi', 'bibit', 'pakai', 'pake', 'kode', 'referral', 'untuksebuahmimpi', 'dapet', 'cashback', 'ribu']",1,1
"['nyoba', 'moga', 'berkah']",1,1
"['cashback', 'lupa', 'pake', 'kode', 'refferal', 'muhamadpaijin']",1,1
"['koq', 'login', 'sblmnya', 'uang', 'gmn', 'dooonk', 'kasi', 'jelas']",0,0
"['masuk', 'kode', 'referral', 'bibitnabungyes', 'dpt', 'cashback']",1,1
"['erti', 'faham', 'ttg', 'arti', 'investasi', 'badan', 'resmi', 'abal']",1,1
"['bagus', 'banget', 'mula']",1,1
"['males', 'pakek', 'aplikasi', 'kayak', 'gin', 'cari', 'banget', 'gwe', 'nunggu', 'wd', 'gwe', 'udah', 'kemarin', 'ngak', 'masuk', 'masuk', 'sihh', 'minggu', 'masuk', 'gimana', 'yahh', 'anda', 'gwe', 'perlu', 'hidup', 'gwe', 'tp', 'dana', 'nyangkut', 'ngakk', 'enak', 'banget', 'dana', 'dingin', 'tp', 'tolong', 'bibit', 'sedia', 'dana', 'cadang', 'user', 'wd', 'cepat', 'kelarrr']",0,0
"['bagus', 'rekasa', 'dana', 'fitur', 'robo', 'saran', 'metode', 'bayar', 'aplikasi', 'dana']",1,1
"['bibit', 'ngak', 'buka', 'reload', 'mulu', 'gimana', 'kasih', 'bintang']",0,0
"['mantap', 'cashback', 'ribu', 'masuk', 'kode', 'referal', 'lapakrecahan']",1,1
"['knp', 'aplikasi', 'buka', 'stuck', 'logo', 'bibit', 'link', 'alternatif']",0,0
"['alam', 'proses', 'beli', 'lambat', 'sesuai', 'terang', 'robot', 'dikembangin', 'pinter']",0,0
"['masuk', 'saran', 'login', 'aman', 'biometrik', 'sidik', 'jari', 'password', 'baca', 'orang', 'kepo', 'tangan', 'jahil', 'tampil', 'ui', 'bagus', 'mudah', 'guna']",1,1
"['aplikasi', 'mudah', 'mula', 'investasi', 'reksadana', 'fitur', 'robo', 'membantutapi', 'kurang', 'produk', 'sbr', 'jenis', 'blm', 'aplikasi', 'bibitoiiya', 'coba', 'app', 'bibitbisa', 'input', 'code', 'refferal', 'tirta', 'tanda', 'kutip', 'welcome', 'bonus', 'bibit']",1,1
"['tolong', 'pas', 'tari', 'dana', 'tf', 'rek', 'tolong', 'kasih', 'notif', 'tq']",0,0
['kasi'],0,1
"['wkwkw', 'mati', 'lo', 'min', 'lu', 'nyari', 'mula', 'invest', 'netijen', 'pikir', 'gampang', 'kayak', 'top', 'up', 'koin', 'investasi', 'mbak', 'netijen', 'udah', 'bikinin', 'platfrom', 'ajar', 'inves', 'inves', 'guys', 'pinjol', 'ato', 'koprasi', 'simpan', 'pinjam', 'duit', 'lu', 'puterin', 'muter', 'gampang', 'lo', 'narik', 'atm', 'lol', 'uang', 'beliin', 'mo', 'jual', 'beli', 'bibit', 'ni', 'ngegampangin', 'proses', 'lu', 'brang', 'lu', 'jual', 'untung']",0,1
"['ko', 'pas', 'masuk', 'halaman', 'eror', 'trs', 'yh', 'gabisa', 'masuk', 'solusi', 'gmn']",0,0
"['muat', 'ulang', 'teruserror', 'trus', 'scam', 'gmna']",0,0
"['barusan', 'transfer', 'trus', 'lanjut', 'investasi']",0,0
"['aplikasi', 'bagus', 'robonya', 'saran', 'investasi', 'gk', 'bingung', 'mula', 'cocok', 'saran', 'investasi', 'emas']",1,1
"['masuk', 'referal', 'jsk', 'gx', 'bonus']",1,1
"['button', 'jual', 'dalam', 'portofolio', 'gk', 'uang', 'udah', 'masuk', 'portofolio', 'coba', 'tetep', 'mohon', 'baik']",0,0
"['aplikasi', 'reksadana', 'keren', 'simpel', 'mudah', 'investor', 'mudah', 'transaksi', 'so', 'investasi']",1,1
"['rekomendasi', 'investor', 'mula', 'ajar', 'investasi', 'aplikasi', 'robot', 'cerdas', 'buat', 'bantu', 'pilih', 'reksadana', 'sesuai', 'karakter', 'guna', 'the', 'best']",1,1
"['woi', 'bibit', 'uang', 'gua', 'balikin', 'woiii', 'massal', 'kerja', 'feb', 'sampe', 'mar', 'aplikasi', 'maksut', 'gimana', 'nihh']",0,0
"['aplikasi', 'buka', 'lgi', 'yak']",0,0
"['bagus', 'beghitupun', 'kerja', 'tim', 'bibit', 'sigap', 'bantu', 'mula', 'mohon', 'cair', 'dana', 'invest', 'tingkat', 'cepat', 'aplikasi', 'belah']",1,1
"['easy', 'to', 'use', 'mohon', 'diupdate', 'dark', 'mode', 'latar', 'putih', 'ganggu', 'nyaman', 'mata']",1,1
"['nitip', 'kode', 'referal', 'kaleea']",1,0
['mudah'],1,1
"['mula', 'aplikasi', 'bibit', 'cocok', 'modal', 'pakai', 'kode', 'referal', 'fetom', 'bantu', 'teman', 'coba', 'raguragu', 'jamin', 'aman']",1,1
"['customer', 'support', 'bantu', 'terimakasih', 'bibit', 'teman', 'investasi']",1,1
"['proses', 'pencairananya', 'sudh', 'saham', 'nyangkut', 'lainny', 'cepat', 'minggu', 'tinggal', 'banget', 'ribet']",0,0
"['aplikasi', 'kali', 'coba', 'mudah', 'investasi', 'yuk', 'anak', 'muda', 'investasi', 'cadang', 'uang', 'masuk', 'kode', 'referal', 'lizias', 'dapat', 'cashback', 'transaksi']",1,1
"['bagus', 'mula', 'kaya', 'ajar', 'tabung', 'uang', 'investasi', 'efektif', 'nabung', 'suka', 'bawa', 'bawa', 'bibit', 'uang', 'tabung', 'pakai', 'mesti', 'tunggu', 'cair', 'beda', 'bank', 'celengan', 'ambil']",1,1
"['coba', 'mula', 'rp', 'pingin', 'hasil', 'insyaallah', 'ok', 'mo', 'nabungnya']",1,1
"['kapok', 'investasi', 'udah', 'modal', 'jt', 'dakadah', 'untung', 'mes', 'tres']",0,0
"['aplikasi', 'buka', 'terang', 'errnamenotresolved']",0,0
"['jujur', 'sebenernya', 'coba', 'top', 'up', 'coba', 'aplikasi', 'bagus', 'beli', 'masuk', 'bangetttt', 'jual', 'hasil', 'jual', 'masuk', 'full', 'banget', 'masuk', 'coba', 'mending', 'coba', 'dikit']",0,0
